BinNo,FloorNo,AisleNo,BayNo,BatchLotNo,StockCode,StockInHand,SumofStock,BinType,BinZone
7-A-01,7,A,1,22822,YMBAV90,107.0,107.0,Null,M
S-A-01,S,A,1,SW35956,YMCM30,639.0,639.0,PickFace,I
5-A-01,5,A,1,SW40631,YUCA60-PAH,84.0,84.0,Null,F
4-A-01,4,A,1,SW40937,YM60,83.0,83.0,Null,U
8-B-01,8,B,1,P00323-1,YMDS14SR,18.0,250366.0,Goodsin,C
8-B-01,8,B,1,36021,PDAV120,12.0,250366.0,PickFace,B
8-B-01,8,B,1,P31822-1,DCHEWS7,15.0,250366.0,Goodsin,R
8-B-01,8,B,1,P31522 -1,DCHEWL7,172.0,250366.0,Null,E
8-B-01,8,B,1,P31922-1,YMDS14LR,1.0,250366.0,Null,B
8-B-01,8,B,1,P31422-1,YMDS14MR,1.0,250366.0,Null,N
1-B-01,1,B,1,SWF165068,YMPB30,31482.0,31482.0,Null,F
S-B-01,S,B,1,SW35796,YMCM30,65.0,173.0,Goodsin,Z
S-B-01,S,B,1,SW35956,YMCM30,60.0,173.0,Null,M
S-B-01,S,B,1,108675SW,YDI250,48.0,173.0,PickFace,F
1-B-01,1,B,1,SWF165066,YMPB30,0.0,31482.0,PickFace,G
1-B-01,1,B,1,F164394,YMPB30,0.0,31482.0,Null,A
1-B-01,1,B,1,F164393SW,YMPB30,0.0,31482.0,PickFace,Y
1-B-01,1,B,1,F164211,YMPB30,0.0,31482.0,PickFace,I
1-B-01,1,B,1,F163834,YMPB30,0.0,31482.0,Null,B
8-B-01,8,B,1,SW090821,YVY30,6.0,250366.0,Null,B
8-B-01,8,B,1,I220201,YURE02,250000.0,250366.0,Goodsin,P
8-B-01,8,B,1,F163846,YMS240,5.0,250366.0,Goodsin,V
8-B-01,8,B,1,SW102122,YMBS60,6.0,250366.0,Goodsin,Z
8-B-01,8,B,1,SW080322,YMBS60,4.0,250366.0,Null,H
8-B-01,8,B,1,SW35915,YMACT60-PAH,3.0,250366.0,Null,M
8-B-01,8,B,1,F162665,IMOVE60,40.0,250366.0,Goodsin,M
8-B-01,8,B,1,F160985,IMOVE60,16.0,250366.0,PickFace,Z
8-B-01,8,B,1,SW110521,YVS30,19.0,250366.0,Null,F
8-B-01,8,B,1,SW052722,YVS30,20.0,250366.0,Null,H
6-b-01,6,B,1,P04623-2,YMSS7LR,1300.0,1300.0,PickFace,Y
8-B-01,8,B,1,P32722-1,YMDS14LR,28.0,250366.0,Null,E
S-B 01,S,B ,1,108063SW,YDI250,0.0,129.0,PickFace,H
S-B 01,S,B ,1,108675SW,YDI250,129.0,129.0,Null,K
S-C-01,S,C,1,SW40146,YUCA120,1.0,924.0,Null,S
4-C-01,4,C,1,41034,YM120,1700.0,1700.0,Goodsin,T
S-C-01,S,C,1,40631,YUCA60,3.0,924.0,Null,A
8-C-01,8,C,1,N968120241,IMOV01,360000.0,360000.0,Goodsin,H
S-C-01,S,C,1,SW40150,YUCA60,194.0,924.0,PickFace,E
S-C-01,S,C,1,SW35905,YUCA120,19.0,924.0,PickFace,P
S-C-01,S,C,1,SW35959,YUCA120,333.0,924.0,Goodsin,D
S-C-01,S,C,1,SW40631,YUCA60,184.0,924.0,Goodsin,A
S-C-01,S,C,1,SW40990,YUCA60,190.0,924.0,Goodsin,X
8-D-01,8,D,1,NDFNZ11307,HOKI01,240000.0,240000.0,Goodsin,G
S-D-01,S,D,1,F163833,IMOVE1M,621.0,626.0,Null,K
S-D-01,S,D,1,F162730,IMOVE6M,1.0,626.0,Goodsin,O
S-D-01,S,D,1,F162760,IMOVE6M,3.0,626.0,Null,G
S-D-01,S,D,1,F163833,IMOVE6M,1.0,626.0,Goodsin,O
1-D-01,1,D,1,P17823-1,YMDS14SD,269.0,269.0,PickFace,P
4-D-01,4,D,1,41034,YM120,1700.0,1700.0,Null,T
S-D-01,S,D,1,F162760,IMOVE1M,0.0,626.0,PickFace,Q
8-E-01,8,E,1,H899-12286,LIV01,450000.0,450000.0,PickFace,U
1-E-01,1,E,1,F162760,IMOVE1M,1.0,1180.0,Goodsin,X
1-E-01,1,E,1,F163833,IMOVE1M,418.0,1180.0,PickFace,K
1-E-01,1,E,1,F163834,IMOVE1M,761.0,1180.0,Null,K
4-E-01,4,E,1,41034,YM120,1700.0,1700.0,Null,A
1-F-01,1,F,1,F163834,YMP30,0.0,0.0,PickFace,M
1-F-01,1,F,1,F164146,YMP30,0.0,0.0,Goodsin,Y
1-F-01,1,F,1,F164394,YMP30,0.0,0.0,Goodsin,O
4-S-01,4,S,1,SW35837,YM120-PAH,12.0,287.0,PickFace,K
4-S-01,4,S,1,SW36035,YM120,20.0,287.0,Null,X
4-S-01,4,S,1,SW40516,YM120,34.0,287.0,PickFace,O
4-S-01,4,S,1,SW40745,YM120,24.0,287.0,Goodsin,F
4-S-01,4,S,1,SW40819,YM120,16.0,287.0,PickFace,S
4-S-01,4,S,1,SW40746,YM120-PAH,6.0,287.0,Null,R
4-S-01,4,S,1,SW40198,YMACT60-PAH,6.0,287.0,Null,Y
4-S-01,4,S,1,SW100422,YVS30,3.0,287.0,Goodsin,Y
4-S-01,4,S,1,SW40781,YMH1800,13.0,287.0,Null,P
4-S-01,4,S,1,SW40750,YM60-PAH,4.0,287.0,Null,I
4-S-01,4,S,1,107411SW,YDI500,18.0,287.0,PickFace,P
4-S-01,4,S,1,SW40071,YM300-RET,4.0,287.0,Null,D
4-S-01,4,S,1,SW40355,YMACT60-PAH,4.0,287.0,Goodsin,C
4-s-01,4,S,1,36002,PD60,20.0,60.0,Goodsin,B
4-S-01,4,S,1,SW40658,YMBA60,8.0,287.0,Goodsin,R
4-S-01,4,S,1,SW40475,YMBS60,4.0,287.0,PickFace,C
4-S-01,4,S,1,SW40630,YMBY60,2.0,287.0,Goodsin,V
4-S-01,4,S,1,SW40743,YMBY60,2.0,287.0,Null,A
4-S-01,4,S,1,F162762SW,YMS120,16.0,287.0,Null,Y
4-S-01,4,S,1,SWF165629,YMS240,14.0,287.0,Goodsin,I
4-S-01,4,S,1,SW40452,YUDP60,14.0,287.0,Null,I
4-S-01,4,S,1,SW41073,YMAV120TH,6.0,287.0,PickFace,D
4-S-01,4,S,1,SW40967,YM400,18.0,287.0,Goodsin,V
4-S-01,4,S,1,SW40480,YMWD-480,11.0,287.0,Goodsin,R
4-S-01,4,S,1,SW36030,YUDP6,8.0,287.0,Null,G
4-S-01,4,S,1,SW40145,YMC60,20.0,287.0,Goodsin,S
4-s-01,4,S,1,40035,PD60,40.0,60.0,Goodsin,K
S-A-02,S,A,2,80822,YCCL30,1.0,368.0,PickFace,E
7-A-02,7,A,2,40797SW,YMBY60,13.0,13.0,PickFace,D
S-A-02,S,A,2,121521,YCCL30,1.0,368.0,Goodsin,K
5-A-02,5,A,2,SW41237,YMAVC60,160.0,160.0,Null,A
S-A-02,S,A,2,080822SW,YCCL30,366.0,368.0,Goodsin,A
S-B-02,S,B,2,SW36000,YUCC01,1.0,301.0,Goodsin,V
S-B-02,S,B,2,SW40053,YUCC01,20.0,301.0,Null,G
S-B-02,S,B,2,SW41078,YUCC01,280.0,301.0,Goodsin,J
5-B-02,5,B,2,SW40968,YMAV60,980.0,980.0,Null,R
4-B-02,4,B,2,SW40867,YMBS150,972.0,972.0,PickFace,J
7-B-02,7,B,2,108757SW,YDI500S6,1110.0,1110.0,Null,J
S-C-02,S,C,2,F162760,IMOVE3M,1.0,3.0,PickFace,W
S-C-02,S,C,2,F1627600,IMOVE3M,1.0,3.0,Null,K
S-C-02,S,C,2,F168885,IMOVE3M,1.0,3.0,PickFace,E
5-C-02,5,C,2,SW41006,YMAV120,1685.0,1685.0,Goodsin,A
4-C-02,4,C,2,41000,YUDI120,1700.0,1700.0,Goodsin,Z
S-D-02,S,D,2,SW35957,YMCL30,407.0,407.0,Goodsin,F
8-D-02,8,D,2,N968120240,IMOV01,360000.0,360000.0,Goodsin,M
8-E-02,8,E,2,N968120241,IMOV01,360000.0,360000.0,PickFace,J
1-E-02,1,E,2,11123,YCCL30,204.0,204.0,PickFace,G
1-F-02,1,F,2,L108060SW,YDM500,240.0,240.0,PickFace,X
4-S-02,4,S,2,SW40522,YMC60-PAH,5.0,545.0,PickFace,R
4-S-02,4,S,2,SW40886,YMSM120,30.0,545.0,Goodsin,C
4-S-02,4,S,2,SWF163831,YMS120-RET,6.0,545.0,PickFace,P
4-S-02,4,S,2,SW40798,YM300,11.0,545.0,PickFace,I
4-S-02,4,S,2,SW40071,YM300,17.0,545.0,PickFace,E
4-S-02,4,S,2,SW41010,YMC60-PAH,3.0,545.0,Null,O
4-S-02,4,S,2,40628,PD120,13.0,545.0,Goodsin,W
4-S-02,4,S,2,SW40932,YMSM120,20.0,545.0,Null,B
4-S-02,4,S,2,SW40514,YUDP60,5.0,545.0,Goodsin,V
4-S-02,4,S,2,40887,YUDI120-RET,4.0,545.0,PickFace,G
4-S-02,4,S,2,P06923-1,YMDS14SR,5.0,545.0,PickFace,B
4-S-02,4,S,2,SW40907,PDAV60,4.0,545.0,PickFace,Y
4-S-02,4,S,2,SW032522,YVA30,6.0,545.0,Goodsin,D
4-S-02,4,S,2,SW40776,YMC60-PAH,2.0,545.0,Goodsin,N
4-S-02,4,S,2,SW36030,YUDP60,12.0,545.0,Goodsin,Q
4-S-02,4,S,2,SW35930,YMSC60,30.0,545.0,PickFace,U
4-S-02,4,S,2,SW070722,YVS30,11.0,545.0,Null,S
4-S-02,4,S,2,F164048,YMS240-RET,6.0,545.0,Null,M
4-S-02,4,S,2,SWF166996,YMS240,74.0,545.0,PickFace,W
4-S-02,4,S,2,F163831,YMS120,20.0,545.0,Null,K
4-S-02,4,S,2,SW40069,YMC60-PAH,3.0,545.0,Goodsin,U
4-S-02,4,S,2,SW40514,YUDP6-PAH,5.0,545.0,PickFace,M
4-S-02,4,S,2,SW40130,YMSC60-RET,6.0,545.0,Null,O
4-S-02,4,S,2,SW40645,YMSM120,9.0,545.0,Null,B
4-S-02,4,S,2,SW40825,YM60,12.0,545.0,Goodsin,H
4-S-02,4,S,2,SW40132,YM120-PAH,24.0,545.0,Null,G
4-S-02,4,S,2,P32522-1,YMDS14SR,11.0,545.0,Goodsin,T
4-S-02,4,S,2,SW40774,YUDI120-RET,8.0,545.0,Null,K
4-S-02,4,S,2,40819,YM60,20.0,545.0,Null,D
4-S-02,4,S,2,SW042122,YVS30,11.0,545.0,Null,C
4-S-02,4,S,2,SW40558,YMSM120,24.0,545.0,PickFace,U
4-S-02,4,S,2,SW40650,PDAV120,14.0,545.0,PickFace,E
4-S-02,4,S,2,40144,PDAV60,10.0,545.0,Goodsin,N
4-S-02,4,S,2,F163134,YMS120-RET,24.0,545.0,PickFace,J
4-S-02,4,S,2,SW40914,YMSC60,7.0,545.0,Goodsin,N
4-S-02,4,S,2,SW40513,YM120-PAH,2.0,545.0,Null,K
4-S-02,4,S,2,SW40482,YM120-PAH,2.0,545.0,Null,K
4-S-02,4,S,2,35945,PD120,17.0,545.0,PickFace,K
4-S-02,4,S,2,40191,PD60,30.0,545.0,Null,X
4-S-02,4,S,2,SW40129,YMSC60-RET,6.0,545.0,Goodsin,X
4-S-02,4,S,2,SW40598,PDAV120,10.0,545.0,Goodsin,F
4-S-02,4,S,2,SW40282,YUDI120-RET,6.0,545.0,Null,G
7-A-03,7,A,3,SW40977,YMSM120,500.0,500.0,Null,W
S-A-03,S,A,3,91422,YVY120,164.0,169.0,Goodsin,M
S-A-03,S,A,3,52722,YVY120,3.0,169.0,Goodsin,Z
S-A-03,S,A,3,72722,YVY120,1.0,169.0,PickFace,C
S-A-03,S,A,3,727722,YVY120,1.0,169.0,Goodsin,L
4-A-03,4,A,3,SW41039,YM120,1428.0,1428.0,Goodsin,J
5-B-03,5,B,3,P01923-1,YMDS14MR,12.0,12.0,Goodsin,J
1-B-03,1,B,3,SWF165068,YMPB30,19800.0,46915.0,PickFace,J
1-B-03,1,B,3,F165066,YMP120,1068.0,46915.0,PickFace,Z
1-B-03,1,B,3,F163110,YMPB30,996.0,46915.0,Goodsin,L
1-B-03,1,B,3,SWF166549,YMPB30,198.0,46915.0,Goodsin,N
1-B-03,1,B,3,F164146SW,YMPB30,3364.0,46915.0,PickFace,K
1-B-03,1,B,3,F164211,YMPB30,2554.0,46915.0,Goodsin,F
1-B-03,1,B,3,F164394,YMPB30,13266.0,46915.0,Goodsin,P
4-B-03,4,B,3,SW40485,YMB30,8640.0,8640.0,Goodsin,L
1-B-03,1,B,3,SWF165066,YMPB30,136.0,46915.0,PickFace,H
1-B-03,1,B,3,F163373,YMPB30,5533.0,46915.0,Goodsin,X
7-B-03,7,B,3,SW40890,YMAX120,851.0,851.0,PickFace,T
8-B-03,8,B,3,I220201,YURE02,250000.0,250000.0,Goodsin,U
S-B-03,S,B,3,91622,YVA120,54.0,54.0,Null,P
S-C-03,S,C,3,SW41102,YMPM60-SFO,121.0,451.0,Null,S
4-C-03,4,C,3,SW41000,YUDI120,1700.0,1700.0,PickFace,G
S-C-03,S,C,3,40936,YMPM60-SFO,330.0,451.0,Null,Z
1-C-03,1,C,3,SW40484,YMACT60-PP,0.0,23.0,Null,I
1-C-03,1,C,3,SW40777,YMACT60-PP,23.0,23.0,Null,T
5-C-03,5,C,3,SWF164297,YMS120,1600.0,1600.0,PickFace,K
8-C-03,8,C,3,N968120241,IMOV01,360000.0,360000.0,PickFace,R
8-D-03,8,D,3,N968120240,IMOV01,360000.0,360000.0,Goodsin,O
S-D-03,S,D,3,F165066,YMP90,1.0,642.0,PickFace,V
S-D-03,S,D,3,F164393,YMP90,4.0,642.0,Null,Q
6-D-03,6,D,3,P05523-1,YMDS14LR,228.0,228.0,PickFace,O
S-D-03,S,D,3,SW164393,YMP90,510.0,642.0,Null,L
S-D-03,S,D,3,SW103656,YDM500,1.0,642.0,PickFace,D
S-D-03,S,D,3,L108060SW,YDM500,123.0,642.0,Goodsin,N
S-D-03,S,D,3,F163110,YMP90,3.0,642.0,Goodsin,E
4-D-03,4,D,3,41034,YM120,1700.0,1700.0,Goodsin,C
5-D-03,5,D,3,P027023-1,DCHEWS7,3880.0,3880.0,Null,X
8-E-03,8,E,3,H899-02349,LIV01,300000.0,300000.0,Null,Y
S-A-04,S,A,4,SW41001,YUDI300,7.0,479.0,Goodsin,F
7-A-04,7,A,4,SW40598,PDAV120,20.0,20.0,Goodsin,T
S-A-04,S,A,4,SW40826,YUDI300,472.0,479.0,Goodsin,Z
4-a-04,4,A,4,SW40635,YUDP6,1080.0,1080.0,Goodsin,D
S-A-04,S,A,4,SW40517,YUDI300,0.0,479.0,Null,L
5-A-04,5,A,4,SWF164297,YMS120-RET,330.0,330.0,Goodsin,Z
S-B-04,S,B,4,SW40071,YM300,84.0,308.0,PickFace,W
S-B-04,S,B,4,SW40888,YM300,199.0,308.0,Null,Y
8-B-04,8,B,4,N968120770,IMOV01,540000.0,540000.0,Goodsin,E
S-B-04,S,B,4,SW40798,YM300,25.0,308.0,PickFace,S
S-B-04,S,B,4,L108428SW,YSD,0.0,308.0,Null,Z
4-D-04,4,D,4,SW40936,YMPMB30,8630.0,8630.0,Null,H
S-D-04,S,D,4,SW41038,YUDI120,599.0,1147.0,Null,R
S-D-04,S,D,4,SW41000,YUDI120,548.0,1147.0,Null,B
8-D-04,8,D,4,N968113540,IMOV01,360000.0,360000.0,PickFace,B
8-E-04,8,E,4,SW40518,YM60,40.0,75488.0,Goodsin,B
8-E-04,8,E,4,H899-12286,LIV01,75000.0,75488.0,PickFace,J
8-E-04,8,E,4,P30522-1,DCHEWS7,45.0,75488.0,Null,G
8-E-04,8,E,4,P01723-1,DCHEWS7,120.0,75488.0,Null,N
8-E-04,8,E,4,F163421SW,YMS240,49.0,75488.0,Goodsin,W
8-E-04,8,E,4,F162665,IMOVE60,58.0,75488.0,Goodsin,K
8-E-04,8,E,4,40159,PD120,32.0,75488.0,Null,W
8-E-04,8,E,4,P31922-1,DCHEWL7,84.0,75488.0,Null,A
8-E-04,8,E,4,35654,PD120,60.0,75488.0,PickFace,L
1-E-04,1,E,4,L107793SW,YDC50,220.0,220.0,Goodsin,J
4-A-05,4,A,5,SW40887,YUDI120,0.0,750.0,Goodsin,M
8-A-05,8,A,5,SW36004,YM300,20.0,1356.0,Null,B
8-A-05,8,A,5,SW40334,YMAV120,40.0,1356.0,Null,T
8-A-05,8,A,5,P34822-3,YMSS7MR,20.0,1356.0,Null,B
8-A-05,8,A,5,P04823-1,YMSS7LR,1000.0,1356.0,Null,C
8-A-05,8,A,5,P01823-1,DCHEWM7,90.0,1356.0,Null,T
8-A-05,8,A,5,SW35824,YUDP6,6.0,1356.0,Null,M
4-A-05,4,A,5,41000,YUDI120,610.0,750.0,PickFace,F
8-A-05,8,A,5,P01923-1,DCHEWM7,180.0,1356.0,Null,K
5-A-05,5,A,5,P32622-2,YMDS14LR,47.0,47.0,Null,X
4-A-05,4,A,5,SW41000,YUDI120,140.0,750.0,Null,T
S-B-05,S,B,5,L107793SW,YDC50,440.0,786.0,PickFace,R
S-B-05,S,B,5,L103330SW,YDC50,0.0,786.0,Goodsin,M
S-B-05,S,B,5,L105311SW,YDC50,185.0,786.0,PickFace,I
S-B-05,S,B,5,104339SW,YDC50,161.0,786.0,PickFace,V
1-B-05,1,B,5,SWF165068,YMPB30,9900.0,22491.0,PickFace,S
1-B-05,1,B,5,F163110,YMPB30,261.0,22491.0,Goodsin,Z
1-B-05,1,B,5,F164393SW,YMPB30,4950.0,22491.0,Null,D
1-B-05,1,B,5,F164083,YMPB30,0.0,22491.0,PickFace,H
1-B-05,1,B,5,F164082,YMPB30,7380.0,22491.0,Null,K
4-B-05,4,B,5,SW41000,YUDI120,1200.0,1200.0,PickFace,B
1-C-05,1,C,5,SW40777,YMACT30-PP,0.0,0.0,PickFace,M
5-C-05,5,C,5,SW40977,YMSM120,1685.0,1685.0,Null,L
S-C-05,S,C,5,11023,YCCM30,340.0,381.0,Null,C
S-C-05,S,C,5,80522,YCCM30,29.0,381.0,Null,Y
S-C-05,S,C,5,80522,YCCM30,12.0,381.0,Null,W
4-C-05,4,C,5,SW40908,YM120,1396.0,1396.0,Null,O
6-C-05,6,C,5,P06623-1,DCHEWL7,1550.0,1550.0,Goodsin,H
4-D-05,4,D,5,91622,YVA30,162.0,162.0,Null,X
8-D-05,8,D,5,N968111520,IMOV01,360000.0,360000.0,PickFace,E
S-D-05,S,D,5,SW40041,YUDI120,1.0,561.0,Null,R
S-D-05,S,D,5,SW40184,YUDI120,2.0,561.0,Goodsin,O
S-D-05,S,D,5,SW40235,YUDI120,4.0,561.0,Goodsin,M
S-D-05,S,D,5,SW40774,YUDI120,120.0,561.0,PickFace,L
S-D-05,S,D,5,SW36030,YUDP6,16.0,561.0,PickFace,S
S-D-05,S,D,5,SW40635,YUDP6,300.0,561.0,PickFace,N
S-D-05,S,D,5,SW40514,YUDP6,61.0,561.0,Null,U
S-D-05,S,D,5,41038,YUDI120,7.0,561.0,Null,O
S-D-05,S,D,5,40887,YUDI120,12.0,561.0,Null,G
S-D-05,S,D,5,SW35944,YUDI120,1.0,561.0,Null,A
S-D-05,S,D,5,41000,YUDI120,2.0,561.0,Null,X
S-D-05,S,D,5,40282,YUDI120,10.0,561.0,Null,G
S-D-05,S,D,5,40774,YUDI120,15.0,561.0,Null,H
S-D-05,S,D,5,40629,YUDI120,10.0,561.0,Goodsin,L
4-E-05,4,E,5,41034,YM120,1700.0,1700.0,Goodsin,V
1-E-05,1,E,5,F163110,YMP90,0.0,601.0,PickFace,B
1-E-05,1,E,5,F163373,YMP90,0.0,601.0,PickFace,X
1-E-05,1,E,5,F164393,YMP90,601.0,601.0,PickFace,N
8-E-05,8,E,5,NDFNZ11339,HOKI01,270000.0,270000.0,Null,M
5-A-06,5,A,6,SW41009,PDAV120,162.0,162.0,PickFace,A
7-A-06,7,A,6,108675SW,YDI250,0.0,434.0,PickFace,B
7-A-06,7,A,6,SW41000,YUDI120-RET,434.0,434.0,Null,A
S-B-06,S,B,6,SW40906,YM30-PP,1176.0,3148.0,Null,Q
5-B-06,5,B,6,SWF164297,YMS120,1586.0,1586.0,Goodsin,Y
4-B-06,4,B,6,41046,YUCA120,1483.0,1483.0,Goodsin,C
8-B-06,8,B,6,N968120770,IMOV01,540000.0,540000.0,Goodsin,D
S-B-06,S,B,6,SW36008,YM300,814.0,3148.0,Null,M
S-B-06,S,B,6,SW35980,YM300,2.0,3148.0,Goodsin,W
S-B-06,S,B,6,SW36004,YM300,35.0,3148.0,PickFace,E
S-B-06,S,B,6,SW40362,YM30-PP,1121.0,3148.0,Goodsin,J
8-C-06,8,C,6,N968120770,IMOV01,540000.0,540000.0,Null,P
S-C-06,S,C,6,SW41102,YMPM120-SFO,79.0,398.0,PickFace,Q
5-C-06,5,C,6,SW41006,YMAV120,868.0,868.0,Goodsin,P
S-C-06,S,C,6,SW40936,YMPM120-SFO,319.0,398.0,Goodsin,T
S-D-06,S,D,6,40888,YM300,0.0,411.0,Goodsin,Q
S-D-06,S,D,6,SW40888,YM300,411.0,411.0,Null,V
8-D-06,8,D,6,N968120240,IMOV01,360000.0,360000.0,PickFace,M
5-D-06,5,D,6,SW40885,YMAV60,972.0,972.0,Goodsin,N
8-E-06,8,E,6,N968120241,IMOV01,360000.0,360000.0,PickFace,K
1-E-06,1,E,6,10923,YCCS30,216.0,1176.0,PickFace,S
1-E-06,1,E,6,SW40302,YM120-PP,960.0,1176.0,Null,L
8-A-07,8,A,7,P00423-3,YMDS14MR,106.0,345.0,Null,U
4-A-07,4,A,7,40158,YMACT60,336.0,592.0,Null,J
8-A-07,8,A,7,P32722-1,YMDS14LR,18.0,345.0,Goodsin,R
8-A-07,8,A,7,P05523-1,YMDS14LR,137.0,345.0,PickFace,R
5-A-07,5,A,7,P24423-3,YMDS14MR,698.0,698.0,Null,L
4-A-07,4,A,7,SW40158,YMACT60,240.0,592.0,Null,T
S-A-07,S,A,7,40868,YMPM30,0.0,1351.0,Null,D
S-A-07,S,A,7,40936,YMPM30,1163.0,1351.0,Null,R
S-A-07,S,A,7,40782,YMACT240,0.0,1351.0,PickFace,C
4-A-07,4,A,7,SW41039,YM120,16.0,592.0,PickFace,U
S-A-07,S,A,7,41102,YMPM30,1.0,1351.0,PickFace,X
S-A-07,S,A,7,SW40824,YMACT240,186.0,1351.0,PickFace,S
8-A-07,8,A,7,P33222-2,YMDS14SR,66.0,345.0,Null,P
8-A-07,8,A,7,P32522-1,YMDS14SR,18.0,345.0,Null,Q
S-A-07,S,A,7,SW40936,YMPM30,0.0,1351.0,PickFace,V
S-A-07,S,A,7,40824,YMACT240,1.0,1351.0,Goodsin,Q
S-B-07,S,B,7,108757SW,YDI500,87.0,87.0,PickFace,Z
6-B-07,6,B,7,P05123-1,YMSS7MR,965.0,965.0,Null,J
1-B-07,1,B,7,SW40906,YMB30,13369.0,16259.0,Goodsin,X
5-B-07,5,B,7,104688SW,YSO500,120.0,120.0,Null,G
7-B-07,7,B,7,SW40890,YMAX120,940.0,940.0,Null,D
1-B-07,1,B,7,SW40362,YMB30,2250.0,16259.0,PickFace,C
8-B-07,8,B,7,N968112870,IMOV01,140000.0,140000.0,PickFace,D
1-B-07,1,B,7,SW40302,YMB30,640.0,16259.0,Null,G
1-C-07,1,C,7,SW40484,YMACT60-PP,360.0,1045.0,Goodsin,V
8-C-07,8,C,7,N968120241,IMOV01,360000.0,360000.0,PickFace,U
1-C-07,1,C,7,SW40777,YMACT60,480.0,1045.0,PickFace,P
S-C-07,S,C,7,SW40146,YUCA120,242.0,898.0,Null,M
5-C-07,5,C,7,SW40977,YMSM120,1685.0,1685.0,PickFace,Q
4-C-07,4,C,7,SW40908,YM120,1040.0,1040.0,PickFace,F
1-C-07,1,C,7,SW40523,YMACT60,205.0,1045.0,Null,E
S-C-07,S,C,7,SW40361,YUCA120,656.0,898.0,Null,C
S-D-07,S,D,7,SW40833,YPCS30,0.0,767.0,PickFace,E
5-D-07,5,D,7,SW40977,YMSM120,1700.0,1700.0,Goodsin,G
4-D-07,4,D,7,SW41039,YM120,1690.0,1690.0,Goodsin,W
8-D-07,8,D,7,N968111520,IMOV01,360000.0,360000.0,PickFace,B
S-D-07,S,D,7,SW40913,YPCS30,767.0,767.0,Null,M
1-E-07,1,E,7,SW164393,YMP90,414.0,1017.0,PickFace,A
1-E-07,1,E,7,F165066,YMP90,3.0,1017.0,PickFace,B
1-E-07,1,E,7,F164393,YMP90,306.0,1017.0,Goodsin,N
1-E-07,1,E,7,SW35824,YUDP60,1.0,1017.0,Goodsin,I
1-E-07,1,E,7,SW36030,YUDP60,16.0,1017.0,Goodsin,J
1-E-07,1,E,7,F164394,YMP90,277.0,1017.0,Null,Q
4-E-07,4,E,7,41034,YM120,1700.0,1700.0,PickFace,R
1-F-07,1,F,7,F164393,YMP90,1584.0,1584.0,PickFace,U
7-A-08,7,A,8,SWF166904,YMS80-RET,3408.0,3408.0,Null,M
S-A 08,S,A,8,SW40523,YMACT90-PP,1678.0,1678.0,Goodsin,T
s-a-08,S,A,8,SW40301,YMACT90-PP,43.0,43.0,Null,S
4-A-08,4,A,8,SW40361,YUCA120,223.0,223.0,PickFace,J
5-A-08,5,A,8,P34822-3,YMSS7MR,1070.0,1070.0,Null,J
7-B-08,7,B,8,SWF166903,YMS80-RET,2472.0,2472.0,Goodsin,C
S-B-08,S,B,8,40867,YMBS150,0.0,374.0,Null,E
1-B-08,1,B,8,SW40936,YMPMB30,6696.0,12919.0,Null,I
1-B-08,1,B,8,SW41102,YMPMB30,1280.0,12919.0,Goodsin,H
1-B-08,1,B,8,SW41103,YMPMB30,4494.0,12919.0,Goodsin,T
1-B-08,1,B,8,SW40868,YMPMB30,449.0,12919.0,Null,P
5-B-08,5,B,8,SW40977,YMSM120,1280.0,1280.0,Goodsin,H
S-B-08,S,B,8,SW40867,YMBS150,374.0,374.0,PickFace,N
8-B-08,8,B,8,N968120770,IMOV01,540000.0,540000.0,Goodsin,P
S-B -08,S,B ,8,SW36016,YMBA150,0.0,0.0,Goodsin,F
S-B -08,S,B ,8,40848,YMBA150,0.0,0.0,Goodsin,T
8-C-08,8,C,8,N968120240,IMOV01,360000.0,860000.0,Null,A
1-C-08,1,C,8,F164146,YMP120-SFO,545.0,545.0,PickFace,W
8-C-08,8,C,8,N968120770,IMOV01,500000.0,860000.0,Null,J
S-C-08,S,C,8,P24723-1,YMDS14SD,189.0,219.0,Null,C
7-C-08,7,C,8,SWF166904,YMS80-RET,140.0,140.0,Goodsin,M
S-C-08,S,C,8,P32122-1,YMDS14SR,30.0,219.0,PickFace,D
4-C-08,4,C,8,SW40908,YM120,1670.0,1670.0,PickFace,D
S-D-08,S,D,8,SW40302,YM120-PP,0.0,1948.0,Goodsin,K
4-D-08,4,D,8,SW41189,YMPMB30,7484.0,7484.0,Goodsin,J
S-D-08,S,D,8,SW41039,YM120,242.0,1948.0,Null,X
1-D-08,1,D,8,SW40523,YMACT120-PP,479.0,479.0,PickFace,F
S-D-08,S,D,8,SW40362,YM120-PP,1449.0,1948.0,PickFace,R
8-D-08,8,D,8,N968120240,IMOV01,360000.0,360000.0,PickFace,B
S-D-08,S,D,8,SW40362,YM120,257.0,1948.0,PickFace,S
5-E-08,5,E,8,40821SW,YMB30,8635.0,8635.0,Null,Z
8-E-08,8,E,8,N968120240,IMOV01,360000.0,360000.0,PickFace,A
4-E-08,4,E,8,F163833,IMOVEB,17280.0,17280.0,PickFace,X
1-F-08,1,F,8,11023,YCCM30,204.0,204.0,PickFace,Z
8-A-09,8,A,9,P31522-1,DCHEWL7,200.0,546.0,PickFace,E
5-A-09,5,A,9,P00923-1,YMSS7MR,70.0,70.0,Null,V
4-A-09,4,A,9,41162,YUCC01,1860.0,1860.0,Null,U
8-A-09,8,A,9,40242,PDAV120,51.0,546.0,PickFace,A
8-A-09,8,A,9,35819,PD120,90.0,546.0,PickFace,G
8-A-09,8,A,9,SW36037,YMBY60,6.0,546.0,PickFace,S
8-A-09,8,A,9,SW070722,YVS120,2.0,546.0,PickFace,C
S-A-09,S,A,9,F163555,YMP30-SFO,2276.0,2276.0,Null,N
7-A-09,7,A,9,20923,YVS120,72.0,72.0,PickFace,E
8-A-09,8,A,9,P00423-1,YMDS14SR,12.0,546.0,Goodsin,B
8-A-09,8,A,9,SW052322,YMBY60,12.0,546.0,Null,L
8-A-09,8,A,9,SW40355,YM60,6.0,546.0,PickFace,V
8-A-09,8,A,9,P31422-1,DCHEWM7,135.0,546.0,PickFace,M
8-A-09,8,A,9,SW40558,YMSM120,20.0,546.0,PickFace,R
8-A-09,8,A,9,F162340,YMS240,12.0,546.0,Goodsin,K
1-b-09,1,B,9,SW36018,YMB30,5117.0,31234.0,Null,H
S-B-09,S,B,9,SW41005,YMCS30,360.0,938.0,Goodsin,D
1-b-09,1,B,9,40156,YMB30,1159.0,31234.0,PickFace,R
1-b-09,1,B,9,SW35980,YMB30,6075.0,31234.0,Goodsin,H
1-b-09,1,B,9,SW40906,YMB30,17280.0,31234.0,PickFace,Z
5-B-09,5,B,9,SW40977,YMSM120,1700.0,1700.0,PickFace,L
S-B-09,S,B,9,SW40838,YMCS30,578.0,938.0,Goodsin,D
8-B-09,8,B,9,N968120770,IMOV01,540000.0,540000.0,PickFace,D
S-B-09,S,B,9,SW40778,YMCS30,0.0,938.0,PickFace,A
1-b-09,1,B,9,SW40302,YMB30,1603.0,31234.0,PickFace,N
1-C-09,1,C,9,SW35962,YPCL30,1.0,1.0,Null,E
S-C-09,S,C,9,SW40835,YPCL30,161.0,185.0,Goodsin,D
4-C-09,4,C,9,SW40908,YM120,820.0,820.0,Goodsin,Z
S-C-09,S,C,9,40835,YPCL30,1.0,185.0,Null,W
8-C-09,8,C,9,N968120240,IMOV01,360000.0,360000.0,PickFace,J
S-C-09,S,C,9,SW40934,YMH1800,23.0,185.0,Null,E
5-C-09,5,C,9,SW41072,YMAV60-E,538.0,538.0,Goodsin,Z
S-D-09,S,D,9,SW40302,YM60-PP,0.0,1599.0,Null,C
5-D-09,5,D,9,SW40977,YMSM120,1700.0,1700.0,Null,A
1-D-09,1,D,9,SW40777,YMACT60-PP,1594.0,1594.0,Goodsin,S
S-D-09,S,D,9,SW40747,YM60,0.0,1599.0,Goodsin,J
S-D-09,S,D,9,L104334SW,YDM500,60.0,1599.0,Goodsin,Z
S-D-09,S,D,9,SW40937,YM60,104.0,1599.0,Null,O
8-D-09,8,D,9,N968111520,IMOV01,360000.0,360000.0,Goodsin,D
4-D-09,4,D,9,41034,YM120,1700.0,1700.0,Goodsin,O
S-D-09,S,D,9,SW40906,YM60-PP,0.0,1599.0,PickFace,Y
S-D-09,S,D,9,SW40362,YM60,1400.0,1599.0,Goodsin,M
S-D-09,S,D,9,SW40362,YM60-PP,0.0,1599.0,PickFace,W
S-D-09,S,D,9,L108060SW,YDM500,35.0,1599.0,Goodsin,P
4-E-09,4,E,9,SW40485,YMB30,8640.0,8640.0,Goodsin,O
1-E-09,1,E,9,SW40481,YMACT60-PP,1903.0,5108.0,Goodsin,I
1-E-09,1,E,9,SW40523,YMACT60-PP,1297.0,5108.0,Null,H
1-E-09,1,E,9,40936,YMPM60,1908.0,5108.0,PickFace,I
1-F-09,1,F,9,SW40906,YM60-PP,640.0,908.0,Goodsin,N
1-F-09,1,F,9,SW40362,YM60-PP,268.0,908.0,Goodsin,R
4-A-10,4,A,10,SW40990,YUCA60,2700.0,2700.0,Goodsin,K
S-A-10,S,A,10,SW40935,YPH1800,26.0,26.0,Goodsin,L
6-B-10,6,B,10,P02023-1,DCHEWL7,650.0,650.0,PickFace,J
5-B-10,5,B,10,SW41049,YMACT60-PAH,1131.0,1131.0,PickFace,F
S-B-10,S,B,10,40744,YPH1800,3.0,1888.0,Goodsin,L
1-B-10,1,B,10,SW41102,YMPMB30,2012.0,21769.0,PickFace,Z
1-B-10,1,B,10,SW41187,YMPMB30,8640.0,21769.0,PickFace,J
1-B-10,1,B,10,SW40936,YMPMB30,3202.0,21769.0,PickFace,V
S-B-10,S,B,10,40481,YMACT30-PP,1.0,1888.0,PickFace,U
1-B-10,1,B,10,SW40868,YMPMB30,315.0,21769.0,Null,P
1-B-10,1,B,10,SW41103,YMPMB30,7600.0,21769.0,PickFace,J
S-B-10,S,B,10,SW35975,YPH1800,1.0,1888.0,Goodsin,A
4-B-10,4,B,10,SW40990,YUCA60,1580.0,1580.0,Null,V
8-B-10,8,B,10,A(14783/0-1025)EG/7,VITE01,120000.0,120000.0,Goodsin,F
S-B-10,S,B,10,SW40523,YMACT30-PP,1883.0,1888.0,Null,O
S-C-10,S,C,10,10923,YCCS30,549.0,549.0,Goodsin,Q
4-C-10,4,C,10,SW40635,YUDP60,57.0,57.0,Null,E
1-C-10,1,C,10,F164394,YMP60,1653.0,1653.0,Goodsin,H
4-D-10,4,D,10,SW41189,YMPMB30,8640.0,8640.0,PickFace,A
5-D-10,5,D,10,P09823-1,YMSS7SR,2660.0,2660.0,Null,I
S-D-10,S,D,10,F164394,YMP120-SFO,1.0,49.0,PickFace,R
8-D-10,8,D,10,N968120240,IMOV01,360000.0,360000.0,PickFace,T
S-D-10,S,D,10,SW41032,YDB180,48.0,49.0,Goodsin,A
5-E-10,5,E,10,40821SW,YMB30,8635.0,8635.0,Goodsin,J
8-E-10,8,E,10,N968120241,IMOV01,360000.0,360000.0,Null,O
S-A-11,S,A,11,41103,YMPM90-SFO,86.0,531.0,PickFace,Z
4-A-11,4,A,11,SW40903,YMC60,174.0,174.0,PickFace,O
8-A-11,8,A,11,SW35931,YM120,20.0,140.0,Null,C
8-A-11,8,A,11,P04823-1,YMSS7LR,120.0,140.0,Null,G
5-A-11,5,A,11,YUMSW072922,YVA30,64.0,64.0,Null,B
S-A-11,S,A,11,SW40868,YMPM90-SFO,445.0,531.0,Goodsin,N
S-B-11,S,B,11,P02023-1,YMDS14LD,825.0,1602.0,PickFace,E
S-B-11,S,B,11,P01923-2,YMDS14LD,777.0,1602.0,Null,J
6-B-11,6,B,11,P04623-2,YMSS7LR,1018.0,1018.0,Goodsin,G
5-B-11,5,B,11,SW41238,YMSC60,2820.0,2820.0,PickFace,Q
8-B-11,8,B,11,N968120241,IMOV01,360000.0,360000.0,Null,B
S-C-11,S,C,11,SW40452,YUDP60,0.0,14.0,PickFace,B
4-C-11,4,C,11,SW40485,YMB30,8640.0,8640.0,Null,G
5-C-11,5,C,11,SW40977,YMSM120,1700.0,1700.0,PickFace,C
S-C-11,S,C,11,SW40635,YUDP60,14.0,14.0,PickFace,F
8-D-11,8,D,11,N968111520,IMOV01,360000.0,720000.0,Goodsin,B
S-D-11,S,D,11,SW40753,YMPM30-SFO,263.0,624.0,Goodsin,A
S-D-11,S,D,11,F162780,IMOVE6M,0.0,624.0,Null,M
6-D-11,6,D,11,F162760,IMOVE6M,213.0,213.0,Null,Q
S-D-11,S,D,11,F162760,IMOVE6M,0.0,624.0,Null,V
7-D-11,7,D,11,YUM091422,YVY30,1440.0,1440.0,Goodsin,B
8-D-11,8,D,11,N968120240,IMOV01,360000.0,720000.0,Goodsin,W
5-D-11,5,D,11,SW40977,YMSM120,1700.0,1700.0,PickFace,O
S-D-11,S,D,11,F163833,IMOVE6M,361.0,624.0,Goodsin,P
5-E-11,5,E,11,SW40361,YUCA120,100.0,100.0,Null,Y
1-F-11,1,F,11,SW40362,YM30-PP,2555.0,2555.0,Goodsin,T
S-A-12,S,A,12,SW40362,YM90-PP,120.0,2626.0,Null,T
S-A-12,S,A,12,SW40302,YM90-PP,2506.0,2626.0,Goodsin,M
S-A-12,S,A,12,SW40228,YM90-PP,0.0,2626.0,Goodsin,D
5-A-12,5,A,12,SWF166996,YMS240,40.0,52.0,Null,V
5-A-12,5,A,12,SW41050,YMBA60,12.0,52.0,Null,O
4-B-12,4,B,12,SW40976,YMAV120,412.0,412.0,PickFace,V
S-B-12,S,B,12,SW35979,YMACT120-PP,320.0,2084.0,Goodsin,O
8-B-12,8,B,12,N968120241,IMOV01,360000.0,360000.0,PickFace,Q
S-B-12,S,B,12,SW40484,YMACT120-PP,1760.0,2084.0,PickFace,Z
S-B-12,S,B,12,SW40301,YMACT120-PP,4.0,2084.0,Goodsin,E
S-C-12,S,C,12,41102,YMPM60,3.0,625.0,Goodsin,U
S-C-12,S,C,12,40936,YMPM60,456.0,625.0,PickFace,P
S-C-12,S,C,12,SW40226,YMBY150,164.0,625.0,Null,X
S-C-12,S,C,12,40868,YMPM60,1.0,625.0,Goodsin,E
S-C-12,S,C,12,40753,YMPM60,0.0,625.0,Null,D
S-C-12,S,C,12,SW40936,YMPM60,0.0,625.0,PickFace,Q
S-C-12,S,C,12,SW40559,YMPM60,1.0,625.0,PickFace,C
S-D-12,S,D,12,SW40817,YMWD-480,24.0,302.0,PickFace,S
S-D-12,S,D,12,40817,YMWD-480,0.0,302.0,Goodsin,Q
5-D-12,5,D,12,P09823-1,YMSS7SR,3080.0,3080.0,PickFace,T
S-D-12,S,D,12,SW40782,YMACT240,54.0,302.0,Goodsin,R
4-D-12,4,D,12,SW41189,YMPMB30,8640.0,8640.0,Null,C
8-D-12,8,D,12,N968120240,IMOV01,360000.0,360000.0,Goodsin,Y
S-D-12,S,D,12,41007,YMWD-480,2.0,302.0,Null,I
S-D-12,S,D,12,SW41007,YMWD-480,222.0,302.0,Null,I
5-E-12,5,E,12,40821SW,YMB30,8635.0,8635.0,Null,H
8-E-12,8,E,12,N968120241,IMOV01,220000.0,220000.0,Null,P
1-F-12,1,F,12,F164146,YMP60,2517.0,2517.0,Null,I
1-G-12,1,G,12,SW40835,YPCL30,1008.0,1008.0,PickFace,K
8-A-13,8,A,13,40799,YMBA60S6,560.0,560.0,Null,D
5-A-13,5,A,13,SW41006,YMAV120,120.0,120.0,Null,Z
4-A-13,4,A,13,SW40934,YMH1800,120.0,120.0,PickFace,C
S-A-13,S,A,13,F164393,YMP60-SFO,719.0,1196.0,PickFace,U
S-A-13,S,A,13,F164394,YMP60-SFO,477.0,1196.0,PickFace,P
7-A-13,7,A,13,P34822-2,YMSS7LR,1000.0,1000.0,PickFace,D
8-B-13,8,B,13,N968120770,IMOV01,540000.0,540000.0,Goodsin,H
S-B-13,S,B,13,SW40484,YMACT60-PP,0.0,120.0,PickFace,W
S-B-13,S,B,13,SW40824,YMACT240,120.0,120.0,PickFace,O
4-B-13,4,B,13,SW40903,YMC60,535.0,535.0,PickFace,L
6-B-13,6,B,13,P04823-2,YMSS7MR,1600.0,1600.0,Null,V
5-B-13,5,B,13,F164146,YMP120-E,1178.0,1178.0,Goodsin,J
S-C-13,S,C,13,40903,YMC60,2.0,701.0,Null,J
1-C-13,1,C,13,SW40481,YMACT60-PP,952.0,952.0,Goodsin,F
8-C-13,8,C,13,N968113540,IMOV01,360000.0,360000.0,Null,A
7-C-13,7,C,13,F163831,YMS120,1600.0,1600.0,Null,K
S-C-13,S,C,13,SW40903,YMC60,699.0,701.0,Goodsin,N
4-C-13,4,C,13,SW40908,YM120,883.0,883.0,Null,R
S-D-13,S,D,13,40748,YMC60,1.0,922.0,Goodsin,U
S-D-13,S,D,13,SW40834,YPCM30,630.0,922.0,PickFace,F
S-D-13,S,D,13,SW40066,YMC60,62.0,922.0,PickFace,J
7-D-13,7,D,13,20923,YVS120,864.0,864.0,PickFace,G
S-D-13,S,D,13,40909,YPCM30,80.0,922.0,PickFace,D
S-D-13,S,D,13,SW40252,YMC60,1.0,922.0,PickFace,N
S-D-13,S,D,13,SW40145,YMC60,145.0,922.0,Null,T
S-D-13,S,D,13,SW40036,YMC60,2.0,922.0,PickFace,W
S-D-13,S,D,13,f163194,YM300,1.0,922.0,PickFace,L
8-E-13,8,E,13,N968120241,IMOV01,360000.0,360000.0,Null,R
6-E-13,6,E,13,P09523-03,YMSS7MR,1800.0,1800.0,Goodsin,Q
1-E-13,1,E,13,SW40777,YMACT30-PP,3005.0,3005.0,Null,A
1-E-13,1,E,13,40523,YMACT30-PP,0.0,3005.0,Null,V
1-E-13,1,E,13,SW40484,YMACT30-PP,0.0,3005.0,PickFace,Z
1-F-13,1,F,13,P18023-1,YMDS14MD,496.0,1776.0,Goodsin,U
1-F-13,1,F,13,SW40301,YMACT60-PP,1280.0,1776.0,Goodsin,G
S-A-14,S,A,14,F166770,YMP300,2.0,2908.0,PickFace,T
S-A-14,S,A,14,SWF166770,YMP300,2906.0,2908.0,Goodsin,F
5-A-14,5,A,14,SW41262,YUAC,421.0,421.0,Goodsin,W
7-A-14,7,A,14,SW35956,YMCM30,168.0,168.0,Null,A
4-A-14,4,A,14,SW40934,YMH1800,72.0,72.0,PickFace,G
7-B-14,7,B,14,F164047SW,YMS120-RET,18.0,18.0,PickFace,Z
4-B-14,4,B,14,SW40485,YMB30,8640.0,8640.0,Goodsin,V
8-B-14,8,B,14,N968120240,IMOV01,360000.0,360000.0,PickFace,X
S-B-14,S,B,14,SW41103,YMPM90,964.0,1425.0,Null,Z
S-B-14,S,B,14,41102,YMPM90,3.0,1425.0,Null,Z
S-B-14,S,B,14,41103,YMPM90,456.0,1425.0,Null,Y
S-B-14,S,B,14,40936,YMPM90,2.0,1425.0,PickFace,Q
1-B-14,1,B,14,F163834,YMP60,2707.0,2717.0,Null,K
1-B-14,1,B,14,F164211,YMP60,1.0,2717.0,PickFace,J
1-B-14,1,B,14,F164393,YMP60,6.0,2717.0,Goodsin,T
1-B-14,1,B,14,F165066,YMP60,2.0,2717.0,Null,J
1-B-14,1,B,14,F194393,YMP60,1.0,2717.0,PickFace,Y
6-C-14,6,C,14,SW072722,YVY30,744.0,744.0,Null,G
S-C-14,S,C,14,P06223-1,YMDS14MD,37.0,91.0,PickFace,T
4-C-14,4,C,14,SW40888,YM300,1500.0,1500.0,PickFace,A
8-C-14,8,C,14,N968111520,IMOV01,360000.0,360000.0,Null,I
S-C-14,S,C,14,P32822-1,YMDS14MD,49.0,91.0,Null,W
S-C-14,S,C,14,P18023-1,YMDS14MD,5.0,91.0,Null,E
1-D-14,1,D,14,F163833,IMOVE1M,722.0,722.0,Null,N
S-D-14,S,D,14,YMP30,YMP30,1.0,4915.0,Goodsin,O
S-D-14,S,D,14,F164394,YMP30,342.0,4915.0,Null,U
S-D-14,S,D,14,F165055,YMP30,1.0,4915.0,Null,T
S-D-14,S,D,14,F165066,YMP30,3599.0,4915.0,Null,V
S-D-14,S,D,14,F164393,YMP30,967.0,4915.0,Null,F
S-D-14,S,D,14,F163834,YMP30,5.0,4915.0,Null,P
4-D-14,4,D,14,SW41036,YM300,1500.0,1500.0,PickFace,H
8-D-14,8,D,14,I211104,YURE02,50000.0,50000.0,PickFace,S
5-E-14,5,E,14,40821SW,YMB30,8635.0,8635.0,Goodsin,J
7-A-15,7,A,15,F163522,YMS120-RET,102.0,102.0,Null,L
8-A-15,8,A,15,40924,YMBS60S6,1068.0,1068.0,Goodsin,S
5-A-15,5,A,15,YUM091422,YVY30,39.0,39.0,Null,K
S-A-15,S,A,15,41102,YMPM120,0.0,0.0,PickFace,N
6-B-15,6,B,15,P05423-2,YMDS14SR,11.0,11.0,Goodsin,D
1-B-15,1,B,15,F164394,YMP60,5.0,192.0,Goodsin,Y
8-B-15,8,B,15,N968120770,IMOV01,540000.0,540000.0,PickFace,C
1-B-15,1,B,15,F165066,YMP60,3.0,192.0,PickFace,R
7-B-15,7,B,15,P32722-1,YMDS14LR,486.0,486.0,PickFace,C
1-B-15,1,B,15,F164146SW,YMP60,184.0,192.0,Goodsin,U
S-B-15,S,B,15,P01923-2,YMDS14LD,253.0,253.0,Goodsin,W
7-C-15,7,C,15,F163831,YMS120,1600.0,1600.0,Null,I
6-C-15,6,C,15,P06723-2,DCHEWL7,750.0,750.0,Goodsin,Y
1-C-15,1,C,15,SW40656,YUDI300,20.0,20.0,Null,M
8-C-15,8,C,15,N968113540,IMOV01,360000.0,360000.0,PickFace,W
2-C-15,2,C,15,F162339,YMS120,20.0,20.0,PickFace,X
4-C-15,4,C,15,SW40865,YMBA150,490.0,490.0,Null,M
S-C-15,S,C,15,P32722-1,YMDS14LR,98.0,98.0,Null,W
7-D-15,7,D,15,20923,YVS120,150.0,150.0,PickFace,A
5-D-15,5,D,15,SW40485,YMB30,1800.0,1800.0,Null,E
4-D-15,4,D,15,SW40908,YM120,1700.0,1700.0,PickFace,A
8-E-15,8,E,15,N968120241,IMOV01,360000.0,360000.0,PickFace,F
1-E-15,1,E,15,P00523-1,YMDS14MD,0.0,0.0,Null,U
5-A-16,5,A,16,SW41188,YMAVC60,0.0,0.0,Goodsin,J
8-A-16,8,A,16,SW40908,YM120S6,1614.0,1614.0,Null,U
4-A-16,4,A,16,SW40935,YPH1800,66.0,66.0,PickFace,V
S-B-16,S,B,16,L108428SW,YSD,357.0,357.0,PickFace,I
8-B-16,8,B,16,N968120770,IMOV01,540000.0,540000.0,Goodsin,L
5-C-16,5,C,16,SW40485,YMB30,8640.0,8640.0,Goodsin,F
S-C-16,S,C,16,SW40848,YMBA150,95.0,135.0,Null,A
4-C-16,4,C,16,SW40888,YM300,1500.0,1500.0,Null,L
S-C-16,S,C,16,SW40653,YMBA150,40.0,135.0,PickFace,W
8-C-16,8,C,16,NDFNZ11354,HOKI01,405000.0,405000.0,PickFace,E
7-D-16,7,D,16,F163831,YMS120,1600.0,1600.0,PickFace,L
4-D-16,4,D,16,SW40935,YPH1800,150.0,150.0,Null,P
5-E-16,5,E,16,40821SW,YMB30,8640.0,8640.0,Goodsin,V
1-F-16,1,F,16,P32222-1,YMDS14MD,3.0,660.0,Goodsin,I
1-F-16,1,F,16,P06223-1,YMDS14MD,167.0,660.0,Goodsin,W
1-F-16,1,F,16,P18023-1,YMDS14MD,150.0,660.0,PickFace,X
1-F-16,1,F,16,P32822,YMDS14MD,2.0,660.0,PickFace,N
1-F-16,1,F,16,P33222-1,YMDS14MD,1.0,660.0,PickFace,K
1-F-16,1,F,16,PO1923-1,YMDS14MD,1.0,660.0,Null,X
1-F-16,1,F,16,P32822-1,YMDS14MD,336.0,660.0,PickFace,W
0-A-17,0,A,17,SW41237,YMAVC60,73.0,1425.0,PickFace,S
0-A-17,0,A,17,SW41008,YUAC,2.0,1425.0,Null,F
0-A-17,0,A,17,SW40914,YMSC60,29.0,1425.0,Goodsin,N
0-A-17,0,A,17,SW40890,YMAX120,141.0,1425.0,PickFace,W
0-A-17,0,A,17,SW41037,YMAV270,174.0,1425.0,Goodsin,K
0-A-17,0,A,17,SW41238,YMSC60,17.0,1425.0,PickFace,G
5-A-17,5,A,17,105802SW,YSO500,347.0,347.0,Null,C
0-A-17,0,A,17,SW41006,YMAV120,140.0,1425.0,PickFace,P
0-A-17,0,A,17,SW41032,YDB180,77.0,1425.0,Null,Y
0-A-17,0,A,17,SW40524,YUAC,24.0,1425.0,Goodsin,O
0-A-17,0,A,17,SW35906,YMAV270,16.0,1425.0,Null,T
0-A-17,0,A,17,SW40992,YMAV60,49.0,1425.0,PickFace,D
0-A-17,0,A,17,SW40775,YMAVC60,52.0,1425.0,PickFace,B
0-A-17,0,A,17,SW40557,YMAX120,9.0,1425.0,Goodsin,D
8-A-17,8,A,17,SWF163831,YMS120S6,1498.0,1498.0,Null,H
0-A-17,0,A,17,SWF166232,YMS240,4.0,1425.0,PickFace,Q
0-A-17,0,A,17,SW41077,YMSC60,6.0,1425.0,Goodsin,Q
0-A-17,0,A,17,SW41196,YMBAV90,40.0,1425.0,PickFace,M
0-A-17,0,A,17,SW40819,YM120,20.0,1425.0,PickFace,H
0-A-17,0,A,17,SW41188,YMAVC60,30.0,1425.0,Null,O
0-A-17,0,A,17,SW40655,YMAX120,77.0,1425.0,Goodsin,M
0-A-17,0,A,17,SW40823,YUAC,60.0,1425.0,Null,P
0-A-17,0,A,17,F165214,YMS120,10.0,1425.0,Goodsin,T
0-A-17,0,A,17,F163831,YMS120,96.0,1425.0,PickFace,M
0-A-17,0,A,17,SW41262,YUAC,60.0,1425.0,PickFace,R
0-A-17,0,A,17,SWF164297,YMS120,20.0,1425.0,Goodsin,W
0-A-17,0,A,17,SW40812,YM400,26.0,1425.0,PickFace,F
4-A-17,4,A,17,SW40867,YMBS150,372.0,372.0,Null,F
0-A-17,0,A,17,22822,YMBAV90,19.0,1425.0,Goodsin,W
0-A-17,0,A,17,SW40976,YMAV120,106.0,1425.0,Null,J
7-A-17,7,A,17,SW40128,YMACT240,0.0,0.0,Null,K
0-A-17,0,A,17,SW40822,YMSC60,8.0,1425.0,PickFace,J
0-A-17,0,A,17,SW40130,YMSC60,2.0,1425.0,PickFace,L
0-A-17,0,A,17,SW35930,YMSC60,30.0,1425.0,Null,W
0-A-17,0,A,17,SW40749,YMSC60,8.0,1425.0,PickFace,F
1-B-17,1,B,17,F163833,IMOVEB,3717.0,3717.0,PickFace,K
7-B-17,7,B,17,P32722-1,YMDS14LR,21.0,21.0,PickFace,B
8-B-17,8,B,17,N968120770,IMOV01,540000.0,540000.0,Null,M
2-C-17,2,C,17,P32722-1,DCHEWL7,420.0,420.0,Goodsin,E
6-C-17,6,C,17,P06623-3,DCHEWL7,1600.0,1600.0,Null,I
1-C-17,1,C,17,F163833,IMOVE1M,1123.0,1123.0,PickFace,J
7-D-17,7,D,17,20923,YVS120,864.0,864.0,PickFace,W
8-E-17,8,E,17,N968120241,IMOV01,360000.0,360000.0,Goodsin,N
5-E-17,5,E,17,104688SW,YSO500,1170.0,1170.0,Null,H
1-E-17,1,E,17,SW40484,YMACT90-PP,1154.0,1154.0,Goodsin,F
1-F-17,1,F,17,SW40906,YM60-PP,3200.0,3200.0,PickFace,W
5-A-18,5,A,18,SW40746,YM120-PAH,4.0,4.0,Goodsin,O
8-A-18,8,A,18,41039,YM120S6,1686.0,1686.0,Goodsin,Q
2-A-18,2,A,18,SW40038,YUDI120,13.0,13.0,Goodsin,E
1-B-18,1,B,18,F165068,YMP60,2673.0,3211.0,Goodsin,B
1-B-18,1,B,18,F164393,YMP60,522.0,3211.0,Goodsin,A
1-B-18,1,B,18,F164146,YMP60,2.0,3211.0,Null,V
1-B-18,1,B,18,F165066,YMP60,12.0,3211.0,Null,D
1-B-18,1,B,18,F163834,YMP60,1.0,3211.0,PickFace,X
1-B-18,1,B,18,F163894,YMP60,1.0,3211.0,Goodsin,V
5-B-18,5,B,18,41220,YMC60-PAH,971.0,971.0,PickFace,E
8-C-18,8,C,18,N968120770,IMOV01,540000.0,540000.0,PickFace,D
4-C-18,4,C,18,SW41036,YM300,1487.0,1487.0,Null,I
1-D-18,1,D,18,SW40362,YM60-PP,0.0,0.0,Goodsin,E
5-E-18,5,E,18,40821SW,YMB30,8635.0,8635.0,Goodsin,N
8-E-18,8,E,18,N968112870,IMOV01,480000.0,480000.0,PickFace,N
4-A-19,4,A,19,L104334SW,YDM500,60.0,60.0,Goodsin,R
5-A-19,5,A,19,F167171,YMS120-RET,1690.0,1690.0,Null,E
2-A-19,2,A,19,SW35800,YMCM30,12.0,12.0,PickFace,J
S-B-19,S,B,19,SW36018,YM90-PP,1.0,2.0,PickFace,Z
5-B-19,5,B,19,SWF164297,YMS120,1060.0,1060.0,PickFace,V
S-B-19,S,B,19,ym90,YM90-PP,1.0,2.0,Null,B
7-B-19,7,B,19,SW40227,YMBY60S6,162.0,162.0,Null,Y
6-B-19,6,B,19,P06623-3,DCHEWL7,50.0,50.0,Null,P
S-C-19,S,C,19,SW40301,YMACT90-PP,3.0,5.0,PickFace,Z
S-C-19,S,C,19,SW40049,YMACT90-PP,2.0,5.0,Null,Y
5-C-19,5,C,19,SW40801,YMAX120,1474.0,1474.0,Goodsin,E
8-C-19,8,C,19,72722,YVY120,78.0,78.0,Null,K
4-C-19,4,C,19,108757SW,YDI500,348.0,348.0,Null,W
1-D-19,1,D,19,SW40906,YM30-PP,0.0,171.0,Goodsin,M
8-D-19,8,D,19,N968120241,IMOV01,360000.0,360000.0,Null,X
1-D-19,1,D,19,80422,YCCS30,171.0,171.0,Goodsin,B
5-D-19,5,D,19,SW41035,YM120-PAH,1344.0,1344.0,PickFace,N
1-D-19,1,D,19,SW40362,YM30-PP,0.0,171.0,Goodsin,G
5-E-19,5,E,19,104688SW,YSO500,654.0,654.0,Null,U
7-E-19,7,E,19,F163831,YMS120,1600.0,1600.0,Goodsin,A
5-A-20,5,A,20,SW41011,YMAV60,1905.0,1905.0,PickFace,X
4-A-20,4,A,20,SW35957,YMCL30,888.0,888.0,Goodsin,M
5-B-20,5,B,20,SW41052,YMBS150,968.0,968.0,Goodsin,I
6-B-20,6,B,20,YUMSW072922,YVA30,815.0,815.0,Null,N
1-B-20,1,B,20,F163110,YMP120,271.0,1033.0,Goodsin,C
4-B-20,4,B,20,SW40888,YM300,600.0,600.0,Null,R
1-B-20,1,B,20,F165549,YMP120,3.0,1033.0,Null,V
1-B-20,1,B,20,F165066,YMP120,318.0,1033.0,Goodsin,G
1-B-20,1,B,20,F164082,YMP120,1.0,1033.0,Null,Z
1-B-20,1,B,20,F164394,YMP120,113.0,1033.0,Null,Z
8-B-20,8,B,20,SW091622,YVA30S6,576.0,576.0,Null,C
1-B-20,1,B,20,F164146,YMP120,327.0,1033.0,Null,V
1-C-20,1,C,20,P06233-1,YMDS14MD,360.0,360.0,Goodsin,F
5-C-20,5,C,20,SW40818,YM120-PAH,1037.0,1037.0,Null,M
8-C-20,8,C,20,P01323-1,YMSS7MRS6,894.0,894.0,Goodsin,B
4-C-20,4,C,20,SW41036,YM300,1500.0,1500.0,Goodsin,H
4-D-20,4,D,20,SWF166770,YMP300,1037.0,1037.0,PickFace,U
5-D-20,5,D,20,SW40818,YM120-PAH,1339.0,1339.0,Null,Y
5-E-20,5,E,20,40821SW,YMB30,8539.0,8539.0,Goodsin,O
1-E-20,1,E,20,F164394,YMP120,475.0,475.0,Null,H
4-A-21,4,A,21,SW40655,YMAX120,260.0,260.0,PickFace,S
4-A-21,4,A,21,SW40888,YM300,0.0,260.0,PickFace,F
4-A-21,4,A,21,108675SW,YDI250,0.0,260.0,PickFace,N
7-B-21,7,B,21,SW091622,YVA30S6,192.0,192.0,Null,J
5-B-21,5,B,21,SW41035,YM120-PAH,0.0,0.0,Null,Y
4-B-21,4,B,21,108553SW,YDI500,1170.0,1170.0,Goodsin,K
4-C-21,4,C,21,108553SW,YDI500,1041.0,1041.0,PickFace,O
5-C-21,5,C,21,SW41035,YM120-PAH,810.0,810.0,Null,H
8-C-21,8,C,21,N968120241,IMOV01,360000.0,360000.0,Null,W
S-D-21,S,D,21,SW36008,YM300,2.0,1313.0,PickFace,L
S-D-21,S,D,21,SW40131,YM30-PP,4.0,1313.0,Goodsin,U
S-D-21,S,D,21,SW36018,YM30-PP,3.0,1313.0,PickFace,N
S-D-21,S,D,21,SW35980,YM30-PP,1302.0,1313.0,Goodsin,P
S-D-21,S,D,21,SW40155,YM30-PP,1.0,1313.0,Null,V
S-D-21,S,D,21,SW40228,YM30-PP,1.0,1313.0,Goodsin,Q
5-D-21,5,D,21,SW40801,YMAX120,282.0,282.0,PickFace,X
4-D-21,4,D,21,SW40935,YPH1800,150.0,150.0,PickFace,F
7-E-21,7,E,21,SWF164297,YMS120,1597.0,1597.0,PickFace,Z
8-A-22,8,A,22,SWF164297,YMS80-RET,168.0,168.0,Null,M
4-A-22,4,A,22,F163522,YMS120,100.0,100.0,Null,V
5-A-22,5,A,22,41039,YM60,1120.0,1120.0,Null,X
5-B-22,5,B,22,SW41035,YM120-PAH,1344.0,1344.0,Null,A
4-B-22,4,B,22,SW41036,YM300,1500.0,1500.0,PickFace,S
2-B-22,2,B,22,35621,YMAV270,231.0,231.0,Null,A
4-C-22,4,C,22,SW41036,YM300,1500.0,1500.0,Goodsin,X
1-C-22,1,C,22,52322,YMBY150,272.0,272.0,PickFace,Z
5-C-22,5,C,22,SW40370,YMAV120,60.0,60.0,Null,T
6-C-22,6,C,22,F162762SW,YMS120,84.0,84.0,Null,Q
8-D-22,8,D,22,P05123-1,YMSS7MRS6,261.0,261.0,Null,P
4-D-22,4,D,22,SW41071,YMPMB30,8640.0,8640.0,Goodsin,T
1-D-22,1,D,22,F164394,YMP60,1062.0,1062.0,Null,T
5-A-23,5,A,23,SW40802,YMSM120,364.0,364.0,PickFace,V
4-A-23,4,A,23,108757SW,YDI500,198.0,198.0,PickFace,A
5-B-23,5,B,23,F167171,YMS120-RET,0.0,0.0,Null,E
4-B-23,4,B,23,108553SW,YDI500,1170.0,1170.0,Null,S
S-B-23,S,B,23,F164146,YMP90-SFO,198.0,409.0,PickFace,E
1-B-23,1,B,23,SWF165068,YMP60,2475.0,3200.0,Null,G
1-B-23,1,B,23,F164394,YMP60,715.0,3200.0,Null,K
1-B-23,1,B,23,F164211,YMP60,1.0,3200.0,PickFace,P
1-B-23,1,B,23,F164146,YMP60,3.0,3200.0,Null,E
1-B-23,1,B,23,F164082,YMP60,1.0,3200.0,PickFace,Z
1-B-23,1,B,23,F163109,YMP60,2.0,3200.0,Goodsin,Q
1-B-23,1,B,23,F163834,YMP60,2.0,3200.0,Goodsin,E
7-B-23,7,B,23,SW35955,YM80-RET,228.0,228.0,Goodsin,K
S-B-23,S,B,23,F163192,YMP90-SFO,211.0,409.0,Null,R
1-B-23,1,B,23,F163373,YMP60,1.0,3200.0,Goodsin,E
S-C-23,S,C,23,SW40301,YMACT30-PP,111.0,111.0,Goodsin,O
7-C-23,7,C,23,F163831,YMS120,1540.0,1540.0,PickFace,A
8-C-23,8,C,23,N968120241,IMOV01,360000.0,360000.0,Goodsin,F
5-D-23,5,D,23,F167171,YMS120-RET,1680.0,1680.0,Null,F
4-D-23,4,D,23,108553SW,YDI500,1170.0,1170.0,PickFace,R
8-D-23,8,D,23,N968120241,IMOV01,360000.0,360000.0,Null,W
1-E-23,1,E,23,F164393,YMP60,1.0,2276.0,PickFace,Z
1-E-23,1,E,23,F164146,YMP60,1.0,2276.0,Null,G
1-E-23,1,E,23,F163834,YMP60,2273.0,2276.0,Null,S
1-E-23,1,E,23,F164394,YMP60,1.0,2276.0,Null,R
7-E-23,7,E,23,SWF164297,YMS120,1417.0,1417.0,PickFace,M
4-E-23,4,E,23,SW40594,YM120,66.0,66.0,Goodsin,I
8-E-23,8,E,23,N968120241,IMOV01,360000.0,360000.0,Goodsin,V
5-A-24,5,A,24,SW41077,YMSC60,60.0,60.0,PickFace,H
4-A-24,4,A,24,SW40888,YM300,1500.0,1500.0,Null,W
1-B-24,1,B,24,102122,YMBS150,1.0,1.0,Null,Q
6-B-24,6,B,24,P06623-1,DCHEWL7,1600.0,1600.0,Null,C
S-B-24,S,B,24,F163192,YMP120-SFO,421.0,421.0,PickFace,V
8-B-24,8,B,24,SW35955,YMS120S6,96.0,96.0,Goodsin,Y
4-B-24,4,B,24,108757SW,YDI500,0.0,0.0,PickFace,X
5-B-24,5,B,24,SWF167346,YMS240-RET,998.0,998.0,Null,H
4-C-24,4,C,24,SW40935,YPH1800,40.0,40.0,PickFace,K
5-C-24,5,C,24,SWF167494,YMS240-RET,998.0,998.0,PickFace,M
8-D-24,8,D,24,SW35864,YMCM30,416.0,416.0,Null,S
4-A-25,4,A,25,F163831,YMS120,300.0,420.0,PickFace,A
4-A-25,4,A,25,F163522,YMS120,120.0,420.0,Null,K
5-B-25,5,B,25,L107413SW,YDM500,528.0,528.0,PickFace,N
8-B-25,8,B,25,F163522,YMS80-RET,222.0,222.0,PickFace,A
6-B-25,6,B,25,P05123-1,YMSS7MR,160.0,160.0,Goodsin,N
8-C-25,8,C,25,SW091622,YVA30S6,1152.0,1152.0,PickFace,H
5-D-25,5,D,25,SW40746,YM120-PAH,44.0,44.0,Goodsin,M
8-D-25,8,D,25,SW091622,YVA30S6,1152.0,1152.0,PickFace,K
4-D-25,4,D,25,11123,YCCL30,1050.0,1050.0,Null,S
8-E-25,8,E,25,N968120241,IMOV01,360000.0,360000.0,Goodsin,A
7-E-25,7,E,25,SWF164297,YMS120,1597.0,1597.0,Null,R
6-A-26,6,A,26,SW40248,YMAV270EU,13.0,13.0,Goodsin,B
7-A-26,7,A,26,SW40812,YM400,380.0,380.0,PickFace,N
4-A-26,4,A,26,SW41005,YMCS30,582.0,582.0,Goodsin,Z
5-A-26,5,A,26,SW41010,YMC60-PAH,1278.0,1278.0,PickFace,A
5-B-26,5,B,26,SW40827,YM400,270.0,270.0,Null,H
4-B-26,4,B,26,108553SW,YDI500,1170.0,1170.0,PickFace,F
8-B-26,8,B,26,P04523-3,YMSS7SRS8,992.0,992.0,PickFace,Y
7-C-26,7,C,26,P32722-1,DCHEWL7,325.0,325.0,Null,V
8-C-26,8,C,26,N968112870,IMOV01,60000.0,60000.0,Goodsin,K
8-c-26,8,C,26,102243SW,YSO500S6,500.0,500.0,Goodsin,L
4-C-26,4,C,26,SW41071,YMPMB30,8640.0,8640.0,Goodsin,N
5-C-26,5,C,26,107923SW,YSO500,1170.0,1170.0,PickFace,N
4-D-26,4,D,26,SW41071,YMPMB30,6865.0,6865.0,Null,D
8-E-26,8,E,26,N968111520,IMOV01,360000.0,360000.0,PickFace,M
4-A-27,4,A,27,SWF164297,YMS120-RET,156.0,156.0,PickFace,Q
5-A-27,5,A,27,L108060SW,YDM500,156.0,156.0,Null,H
8-B-27,8,B,27,SW052322,YMBY60S6,282.0,282.0,PickFace,G
4-C-27,4,C,27,SW41187,YMPMB30,8640.0,8640.0,PickFace,K
7-C-27,7,C,27,F163831,YMS120,1600.0,1600.0,Null,D
5-D-27,5,D,27,SWF165068,YMPB30,9900.0,9900.0,PickFace,L
8-D-27,8,D,27,N968120240,IMOV01,360000.0,360000.0,PickFace,A
8-E-27,8,E,27,N968120240,IMOV01,360000.0,360000.0,Goodsin,W
6-A-28,6,A,28,SW40280,YMAVC60EU,12.0,12.0,Null,C
5-A-28,5,A,28,SW40254,YUCA60-PAH,56.0,56.0,Goodsin,U
4-A-28,4,A,28,91422,YVY120,744.0,744.0,PickFace,K
4-A-28,4,A,28,SW40903,YMC60,0.0,744.0,Goodsin,D
8-B-28,8,B,28,SW35832,YMCS30S4,108.0,108.0,Goodsin,L
5-B-28,5,B,28,SW41054,YMBS150,978.0,978.0,Goodsin,J
4-C-28,4,C,28,SW41071,YMPMB30,8640.0,8640.0,Goodsin,Y
5-C-28,5,C,28,105802SW,YSO500,222.0,222.0,Goodsin,S
8-C-28,8,C,28,N968111520,IMOV01,360000.0,360000.0,Null,E
7-C-28,7,C,28,P34822-2,YMSS7LRS5,140.0,140.0,Null,U
4-D-28,4,D,28,SW41071,YMPMB30,8640.0,9039.0,Goodsin,B
5-D-28,5,D,28,105802SW,YSO500,1170.0,1170.0,Goodsin,E
7-D-28,7,D,28,104688SW,YSO500S6,330.0,330.0,Goodsin,L
8-D-28,8,D,28,N968111520,IMOV01,40000.0,40000.0,Null,V
4-D-28,4,D,28,SW41005,YMCS30,399.0,9039.0,PickFace,S
4-A-29,4,A,29,SW35796,YMCM30,90.0,90.0,PickFace,E
5-A-29,5,A,29,SW40635,YUDP6-PAH,1062.0,1062.0,Null,U
8-A-29,8,A,29,YUMSW091422,YVY30S6,1140.0,1140.0,Goodsin,J
5-B-29,5,B,29,L108060SW,YDM500,0.0,0.0,Goodsin,I
7-B-29,7,B,29,SW032522,YVA30S6,846.0,846.0,PickFace,Y
7-C-29,7,C,29,P34822-2,YMSS7LRS5,540.0,540.0,Goodsin,M
4-C-29,4,C,29,SW41187,YMPMB30,7682.0,7682.0,Goodsin,O
8-C-29,8,C,29,P29922-2,YMSS7SRS8,496.0,496.0,PickFace,G
8-D-29,8,D,29,SW091622,YVA30S6,1152.0,1152.0,Null,N
5-D-29,5,D,29,SWF165068,YMPB30,9900.0,9900.0,Null,S
8-E-29,8,E,29,91422,YVY120,516.0,516.0,PickFace,F
5-A-30,5,A,30,SW41196,YMBAV90,275.0,275.0,Goodsin,X
4-A-30,4,A,30,SW40976,YMAV120,1200.0,1200.0,Null,A
8-B-30,8,B,30,P34822-3,YMSS7MRS6,600.0,600.0,Goodsin,Q
5-B-30,5,B,30,F167839,YMS80-RET,1082.0,1082.0,Null,N
6-C-30,6,C,30,P00623-3,YMSS7LR,1280.0,1280.0,Null,T
8-C-30,8,C,30,P04823-1,YMSS7LRS5,495.0,495.0,Goodsin,K
5-C-30,5,C,30,107923SW,YSO500,114.0,114.0,PickFace,O
4-C-30,4,C,30,SW41071,YMPMB30,8610.0,8610.0,PickFace,B
8-D-30,8,D,30,SW042122,YVS30S6,606.0,606.0,Null,G
5-D-30,5,D,30,105802SW,YSO500,1170.0,1170.0,Goodsin,G
8-E-30,8,E,30,NDFNZ11354,HOKI01,540000.0,540000.0,Goodsin,E
8-A-31,8,A,31,YUMSW091422,YVY30S6,516.0,516.0,Null,X
4-A-31,4,A,31,SWF166232,YMS240,940.0,940.0,PickFace,P
5-A-31,5,A,31,F164145,IMOVE60,78.0,78.0,PickFace,U
7-B-31,7,B,31,SW40038,YUDI120-RET,6.0,6.0,PickFace,T
8-B-31,8,B,31,SW100422,YVS30S6,480.0,480.0,Goodsin,M
7-C-31,7,C,31,P34822-2,YMSS7LRS5,460.0,460.0,Null,X
6-C-31,6,C,31,SW40227,YMBY60,6.0,6.0,Goodsin,B
8-D-31,8,D,31,N968120240,IMOV01,360000.0,360000.0,Null,E
5-D-31,5,D,31,SWF165068,YMPB30,5457.0,5457.0,Null,G
4-D-31,4,D,31,SWF166232,YMS240,1600.0,1600.0,PickFace,Z
8-E-31,8,E,31,N968111520,IMOV01,360000.0,360000.0,Goodsin,A
4-A-32,4,A,32,108689SW,YDC50,799.0,799.0,Null,O
5-A-32,5,A,32,SWF164297,YMS120,152.0,152.0,Goodsin,S
5-B-32,5,B,32,SW41031,YMAX120,1700.0,1700.0,Null,N
5-C-32,5,C,32,SW41031,YMAX120,251.0,251.0,Null,W
8-C-32,8,C,32,SW35937,YMBA60S6,252.0,252.0,PickFace,U
6-D-32,6,D,32,P00923-2,YMSS7LR,1298.0,1298.0,Null,P
8-E-32,8,E,32,N968111520,IMOV01,360000.0,360000.0,Null,I
4-A-33,4,A,33,SW40457,YUCC01-RET,493.0,493.0,Null,B
5-A-33,5,A,33,SW41037,YMAV270,920.0,920.0,Null,I
7-A-33,7,A,33,SW40776,YMC60-PAH,30.0,30.0,Goodsin,J
4-B-33,4,B,33,F163833,IMOVEB,17280.0,17280.0,Goodsin,I
6-B-33,6,B,33,P06723-2,DCHEWL7,1600.0,1600.0,Null,H
5-B-33,5,B,33,SW40964,YM60-PAH,1728.0,1728.0,Null,A
4-C-33,4,C,33,SWF166232,YMS240,1600.0,1600.0,Goodsin,Y
5-C-33,5,C,33,SWF165068,YMPB30,9900.0,9900.0,Null,L
7-C-33,7,C,33,P34822-3,YMSS7MRS6,960.0,960.0,Null,A
8-D-33,8,D,33,N968120240,IMOV01,360000.0,360000.0,Goodsin,I
4-D-33,4,D,33,SWF166232,YMS240,1600.0,1600.0,Goodsin,H
4-E-33,4,E,33,F164145,IMOVE60,3240.0,3240.0,Goodsin,W
5-A-34,5,A,34,SW40824,YMACT240,264.0,264.0,Goodsin,J
6-A-34,6,A,34,103026SW,YSO500,1092.0,1092.0,Goodsin,J
4-A-34,4,A,34,SW40653,YMBA150,192.0,192.0,PickFace,O
5-B-34,5,B,34,SW40824,YMACT240,384.0,384.0,Goodsin,S
5-C-34,5,C,34,103026SW,YSO500,1200.0,1200.0,PickFace,N
4-C-34,4,C,34,SW40782,YMACT240,1786.0,1786.0,Goodsin,L
8-D-34,8,D,34,N968120240,IMOV01,360000.0,360000.0,PickFace,I
6-D-34,6,D,34,P00923-2,YMSS7LR,700.0,700.0,Null,G
4-D-34,4,D,34,SW40483,YMC60-PAH,16.0,16.0,Goodsin,G
5-E-34,5,E,34,103026SW,YSO500,1200.0,1200.0,Goodsin,H
8-E-34,8,E,34,A(14884-1175)EG/7,VITE01,160000.0,160000.0,Goodsin,A
8-A-35,8,A,35,SW091622,YVA30S6,324.0,324.0,Goodsin,Q
5-A-35,5,A,35,SW40799,YMBA60,4.0,4.0,Null,Z
4-A-35,4,A,35,SW41078,YUCC01,0.0,96.0,Goodsin,D
4-A-35,4,A,35,SW40913,YPCS30,96.0,96.0,PickFace,J
5-B-35,5,B,35,SW40964,YM60-PAH,593.0,593.0,Null,T
6-B-35,6,B,35,SW070722,YVS30S6,744.0,744.0,Null,G
8-B-35,8,B,35,F162762SW,YMS120S6,36.0,36.0,Goodsin,R
4-C-35,4,C,35,SWF166232,YMS240,1600.0,1600.0,Goodsin,A
5-C-35,5,C,35,SWF165068,YMPB30,9900.0,9900.0,Goodsin,Z
4-D-35,4,D,35,YUMSW072922,YVA30,1206.0,1206.0,Goodsin,B
8-D-35,8,D,35,N968111520,IMOV01,360000.0,360000.0,Goodsin,U
7-E-35,7,E,35,20923,YVS120,864.0,864.0,PickFace,D
8-E-35,8,E,35,N968112870,IMOV01,360000.0,360000.0,Null,G
5-A-36,5,A,36,SW072722,YVY30,42.0,96.0,Goodsin,S
4-A-36,4,A,36,10923,YCCS30,570.0,570.0,Null,G
5-A-36,5,A,36,SW052722,YVY30,54.0,96.0,Null,M
7-A-36,7,A,36,F163522,YMS120,1040.0,1040.0,Goodsin,P
8-C-36,8,C,36,F162762SW,YMS120S6,198.0,198.0,PickFace,J
8-E-36,8,E,36,A(14884-1175)EG/7,VITE01,120000.0,120000.0,Goodsin,D
8-A-37,8,A,37,SW35752,YM120-PAH,5.0,358.0,PickFace,X
8-A-37,8,A,37,51321,YMBA150,7.0,358.0,Goodsin,A
8-A-37,8,A,37,35311,YMAV270,10.0,358.0,Goodsin,X
8-A-37,8,A,37,35053,YM300,20.0,358.0,PickFace,W
8-A-37,8,A,37,F156731,YM120G,50.0,358.0,Null,B
8-A-37,8,A,37,SW35837,YM120-PAH,6.0,358.0,Goodsin,K
8-A-37,8,A,37,SW35449,YUDP6,20.0,358.0,PickFace,O
8-A-37,8,A,37,35655,YMWD-480,1.0,358.0,Null,E
8-A-37,8,A,37,F152737,YM120,20.0,358.0,PickFace,S
4-A-37,4,A,37,40914,YMSC60-RET,4.0,1823.0,Null,O
8-A-37,8,A,37,SW35971,YMSC60,20.0,358.0,Null,A
8-A-37,8,A,37,F163134,YMS120-RET,6.0,358.0,Goodsin,A
8-A-37,8,A,37,162377,YMS120-RET,12.0,358.0,Goodsin,O
8-A-37,8,A,37,F162339,YMS120,3.0,358.0,Null,Z
8-A-37,8,A,37,F163109,YMP60,1.0,358.0,Goodsin,Y
8-A-37,8,A,37,F164083,YMP120,20.0,358.0,Goodsin,A
8-A-37,8,A,37,P31922-2,YMDS14MD,3.0,358.0,Goodsin,K
8-A-37,8,A,37,SW35940,YMCS30,6.0,358.0,PickFace,C
5-A-37,5,A,37,40819,YM60-PAH,4.0,4.0,Null,U
8-A-37,8,A,37,F156811,YM60,20.0,358.0,Null,B
8-A-37,8,A,37,51821,YMBS150,7.0,358.0,PickFace,G
8-A-37,8,A,37,102122,YMCM30,6.0,358.0,PickFace,O
8-A-37,8,A,37,SW36035,YM120,40.0,358.0,PickFace,D
7-A-37,7,A,37,SW40335,YMACT60,148.0,148.0,Goodsin,W
8-A-37,8,A,37,P313522-1,DCHEWM7,1.0,358.0,Null,W
8-A-37,8,A,37,F162665,IMOVE60,54.0,358.0,Goodsin,F
4-A-37,4,A,37,40909,YPCM30,1819.0,1823.0,Null,B
8-A-37,8,A,37,154608,YMS120G,20.0,358.0,Null,Q
6-B-37,6,B,37,SW091422,YVY30S6,1002.0,1002.0,Null,N
5-C-37,5,C,37,SWF165068,YMPB30,1386.0,1386.0,Goodsin,Y
7-C-37,7,C,37,91622,YVA30,273.0,273.0,Goodsin,E
7-D-37,7,D,37,SW40648,YMC60-PAH,50.0,50.0,PickFace,M
8-D-37,8,D,37,N968112870,IMOV01,20000.0,300000.0,Null,J
8-D-37,8,D,37,N968120240,IMOV01,280000.0,300000.0,Goodsin,W
8-E-37,8,E,37,N968111520,IMOV01,360000.0,360000.0,Goodsin,A
7-E-37,7,E,37,F162613SW,YMS120,20.0,20.0,Null,W
7-A-38,7,A,38,SWF164297,YMS120-RET,576.0,576.0,Null,C
8-A-38,8,A,38,SW35834,YMCL30S4,368.0,368.0,Null,X
4-A-38,4,A,38,11123,YCCL30,0.0,0.0,PickFace,S
5-A-38,5,A,38,P01923-1,YMDS14MR,12.0,12.0,PickFace,V
8-B-38,8,B,38,F163522,YMS120,1220.0,1220.0,Null,U
4-B-38,4,B,38,11023,YCCM30,1284.0,1284.0,Goodsin,X
6-C-38,6,C,38,P00923-1,YMSS7MR,1800.0,1800.0,Null,F
7-D-38,7,D,38,20923,YVS120,864.0,864.0,PickFace,K
8-D-38,8,D,38,N968120240,IMOV01,360000.0,360000.0,PickFace,T
8-E-38,8,E,38,N968111520,IMOV01,360000.0,720000.0,Null,T
8-E-38,8,E,38,N968120240,IMOV01,360000.0,720000.0,Null,E
5-A-39,5,A,39,P01023-1,YMSS7SR,8.0,8.0,Goodsin,Y
7-A-39,7,A,39,35718,PDC60,111.0,111.0,PickFace,T
8-B-39,8,B,39,SW40153,YM120S6,24.0,24.0,PickFace,D
6-B-39,6,B,39,SW100422,YVS30S6,1260.0,1260.0,Null,C
4-B-39,4,B,39,YUMSW072922,YVA30,18.0,18.0,PickFace,Z
5-C-39,5,C,39,SWF165068,YMPB30,9900.0,9900.0,PickFace,G
8-C-39,8,C,39,N968120240,IMOV01,360000.0,360000.0,PickFace,K
6-D-39,6,D,39,P02023-1,DCHEWL7,100.0,100.0,PickFace,R
8-D-39,8,D,39,N968111520,IMOV01,360000.0,360000.0,PickFace,T
8-E-39,8,E,39,N968120240,IMOV01,360000.0,360000.0,PickFace,E
7-A-40,7,A,40,SW166232,YMS240-RET,556.0,556.0,Null,K
5-A-40,5,A,40,SW40818,YM120-PAH,1.0,1.0,Null,Z
4-A-40,4,A,40,11023,YCCM30,90.0,90.0,PickFace,R
7-B-40,7,B,40,SW091422,YVY30S6,600.0,600.0,Goodsin,M
8-B-40,8,B,40,SW35864,YMCM30,414.0,414.0,Null,S
4-C-40,4,C,40,F164145,IMOVE60,2240.0,2240.0,Goodsin,L
7-C-40,7,C,40,SW091422,YVY30S6,1152.0,1152.0,Null,P
8-C-40,8,C,40,F162762SW,YMS120S6,300.0,300.0,PickFace,X
8-D-40,8,D,40,N968111520,IMOV01,360000.0,360000.0,Null,H
7-D-40,7,D,40,P34822-2,YMSS7LRS5,500.0,500.0,Goodsin,S
6-E-40,6,E,40,P09523-03,YMSS7MR,1800.0,1800.0,PickFace,A
8-E-40,8,E,40,N968120240,IMOV01,360000.0,360000.0,Null,V
4-A-41,4,A,41,SW41007,YMWD-480,748.0,748.0,Goodsin,Z
8-a-41,8,A,41,F162920SW,YMS120S6,13.0,13.0,Null,A
5-A-41,5,A,41,40888,YM300-RET,258.0,258.0,Null,J
7-A-41,7,A,41,SW40537,YPCM30,48.0,48.0,Null,J
8-B-41,8,B,41,SW35865,YMCL30,544.0,544.0,Null,E
7-B-41,7,B,41,F163831,YMS120-RET,138.0,138.0,Goodsin,V
7-C-41,7,C,41,SW091422,YVY30S6,96.0,96.0,PickFace,Q
5-C-41,5,C,41,SWF165068,YMPB30,9900.0,9900.0,PickFace,E
8-C-41,8,C,41,N968111520,IMOV01,360000.0,360000.0,PickFace,P
8-D-41,8,D,41,N968111520,IMOV01,360000.0,360000.0,PickFace,L
S-D-41,S,D,41,F162110,IMOVE6M,1.0,1.0,Null,P
6-E-41,6,E,41,YUMSW072722,YVY30,35.0,35.0,Goodsin,Q
8-E-41,8,E,41,N968111520,IMOV01,360000.0,360000.0,Goodsin,X
5-A-42,5,A,42,SW40823,YUAC,28.0,40.0,Null,A
4-A-42,4,A,42,L108428SW,YSD,120.0,120.0,Goodsin,F
5-A-42,5,A,42,SW40832,YUAC,12.0,40.0,PickFace,L
7-A-42,7,A,42,41039,YM120S6,10.0,10.0,PickFace,Q
7-B-42,7,B,42,F163831,YMS120,194.0,194.0,Goodsin,H
8-C-42,8,C,42,N968120240,IMOV01,360000.0,360000.0,Null,J
5-D-42,5,D,42,103026SW,YSO500,1368.0,1368.0,Null,P
6-D-42,6,D,42,P00623-3,YMSS7LR,1300.0,1300.0,Null,Q
8-E-42,8,E,42,N968120240,IMOV01,360000.0,360000.0,Goodsin,A
6-E-42,6,E,42,P09523-03,YMSS7MR,1520.0,1520.0,Goodsin,T
